<?xml version="1.0" encoding="UTF-8"?>
<project-private xmlns="http://www.netbeans.org/ns/project-private/1">
    <editor-bookmarks xmlns="http://www.netbeans.org/ns/editor-bookmarks/2" lastBookmarkId="0"/>
    <open-files xmlns="http://www.netbeans.org/ns/projectui-open-files/2">
        <group>
            <file>file:/Users/lothar/Documents/Studium/Master/WS2017_18/Projekt/MOS-Projekt/Software/Pepper/src/de/lmoedl/BasicBehaviour.java</file>
            <file>file:/Users/lothar/Documents/Studium/Master/WS2017_18/Projekt/MOS-Projekt/Software/Pepper/src/Bathroom.top</file>
            <file>file:/Users/lothar/Documents/Studium/Master/WS2017_18/Projekt/MOS-Projekt/Software/Pepper/src/de/lmoedl/ConciergeController.java</file>
            <file>file:/Users/lothar/Documents/Studium/Master/WS2017_18/Projekt/MOS-Projekt/Software/Pepper/src/de/lmoedl/Pepper.java</file>
            <file>file:/Users/lothar/Documents/Studium/Master/WS2017_18/Projekt/MOS-Projekt/Software/Pepper/src/Kitchen.top</file>
        </group>
    </open-files>
</project-private>
